-1.695129999999999970e-01,-2.439699999999999924e-01
-1.462617999999999974e+00,-1.333293999999999979e+00
7.696709999999999940e-01,8.492439999999999989e-01
2.523150000000000115e-01,5.605099999999999527e-01
7.809399999999999675e-02,4.537570000000000214e-01
1.288404000000000105e+00,1.374319999999999986e+00
-3.972510000000000208e-01,4.192200000000000093e-02
4.294899999999999829e-01,4.156790000000000207e-01
7.292929999999999691e-01,9.451370000000000049e-01
1.561659999999999993e-01,-4.309529999999999750e-01
-1.480464999999999920e+00,-1.547485999999999917e+00
1.369825000000000070e+00,1.445610999999999979e+00
6.645389999999999908e-01,5.888560000000000461e-01
-1.828879999999999950e-01,3.550199999999999884e-02
8.232930000000000526e-01,1.046359999999999957e+00
3.198370000000000157e+00,2.557345000000000201e+00
8.396310000000000162e-01,6.975580000000000114e-01
1.548362000000000016e+00,1.834548000000000068e+00
2.563940000000000108e-01,-1.242010000000000058e-01
1.748077000000000103e+00,1.956099999999999950e+00
-5.282679999999999598e-01,-6.741519999999999735e-01
-4.609100000000000003e-02,1.849300000000000110e-01
9.447309999999999874e-01,8.124980000000000535e-01
-7.629099999999999770e-02,-7.919500000000000151e-02
-3.293050000000000144e-01,-4.226889999999999814e-01
2.706955999999999918e+00,2.621084000000000191e+00
-5.913580000000000503e-01,-5.535999999999999810e-01
3.388809999999999878e-01,1.129620000000000068e-01
1.316337000000000090e+00,1.867496999999999963e+00
-1.739436999999999900e+00,-2.014993000000000034e+00
-1.776948999999999890e+00,-1.824697000000000013e+00
-5.942969999999999642e-01,-9.264890000000000070e-01
1.520240000000000036e+00,9.960179999999999589e-01
-2.374999999999999889e-01,2.958899999999999864e-01
4.139200000000000101e-01,5.793190000000000284e-01
-4.556120000000000170e-01,-3.572330000000000227e-01
-1.613086000000000020e+00,-1.344178000000000095e+00
-9.854779999999999651e-01,-1.108478999999999992e+00
-6.706290000000000306e-01,-2.969800000000000217e-01
1.353029000000000037e+00,8.758810000000000207e-01
-1.753322999999999965e+00,-1.598155999999999910e+00
-1.395062999999999942e+00,-1.151491999999999960e+00
1.345379000000000103e+00,1.548230999999999913e+00
-1.222544999999999993e+00,-1.589213999999999904e+00
6.259909999999999641e-01,6.890180000000000193e-01
-2.299299999999999955e-02,-6.010360000000000147e-01
7.455270000000000508e-01,1.077267999999999892e+00
3.209759999999999835e-01,-3.658580000000000165e-01
-1.111080999999999985e+00,-1.273695000000000022e+00
-3.021280000000000077e-01,-7.557369999999999921e-01
2.691910000000000136e-01,2.875409999999999910e-01
-1.021697999999999995e+00,-1.235332000000000097e+00
4.724110000000000253e-01,2.384000000000000008e-01
4.309350000000000125e-01,8.066480000000000317e-01
-5.377549999999999830e-01,-6.662529999999999841e-01
2.012089999999999990e-01,3.202789999999999804e-01
-2.209404999999999841e+00,-2.148982000000000170e+00
-6.712979999999999503e-01,-8.672649999999999526e-01
2.395549999999999902e-01,7.963440000000000518e-01
-7.928380000000000427e-01,-4.369250000000000078e-01
2.016532999999999909e+00,2.188641000000000059e+00
-7.972799999999999332e-02,8.709799999999999487e-02
-8.492720000000000269e-01,-5.500410000000000021e-01
-3.503839999999999733e-01,-4.441740000000000133e-01
3.583910000000000151e-01,3.993450000000000055e-01
1.593013999999999930e+00,8.777030000000000109e-01
2.391929999999999890e+00,2.267830000000000013e+00
2.044739999999999891e-01,1.591980000000000062e-01
-1.822940000000000116e-01,2.059050000000000047e-01
6.367840000000000167e-01,2.698940000000000228e-01
-9.530049999999999910e-01,-4.629030000000000089e-01
-4.417740000000000000e-01,-2.950619999999999910e-01
-1.189462999999999937e+00,-1.125898999999999983e+00
-9.069890000000000452e-01,-7.552950000000000497e-01
-1.386125000000000052e+00,-9.687820000000000320e-01
-7.210229999999999695e-01,-2.851330000000000253e-01
-1.966890000000000027e-01,-3.571280000000000010e-01
1.177415000000000100e+00,1.262281999999999904e+00
4.277880000000000016e-01,9.158150000000000457e-01
1.661052999999999891e+00,2.024720999999999993e+00
1.883658999999999972e+00,1.511444999999999927e+00
8.995429999999999815e-01,2.178300000000000028e-02
1.915159999999999918e-01,-1.465079999999999993e-01
-7.586530000000000218e-01,-1.380902000000000074e+00
6.080130000000000257e-01,4.094940000000000246e-01
-1.014980999999999911e+00,-1.182352999999999987e+00
1.645524999999999904e+00,1.861682000000000059e+00
-2.663409999999999944e-01,-5.062969999999999970e-01
1.022982999999999976e+00,5.510110000000000285e-01
8.498440000000000438e-01,5.656269999999999909e-01
1.500774000000000052e+00,1.323538000000000103e+00
2.856679999999999775e-01,5.274469999999999992e-01
5.898759999999999559e-01,8.097820000000000018e-01
7.341109999999999580e-01,5.615919999999999801e-01
-3.057230000000000225e-01,-1.793970000000000009e-01
7.248099999999999543e-01,9.571499999999999453e-02
3.530369999999999897e-01,1.360349999999999893e-01
-3.054200000000000248e-01,-5.502409999999999801e-01
-6.164100000000000135e-02,6.999199999999999866e-02
-1.475229999999999875e-01,-7.629660000000000331e-01
-4.805999999999999855e-02,3.433240000000000181e-01
-1.053058000000000050e+00,-1.072100999999999971e+00
1.379075999999999969e+00,1.210639999999999938e+00
-2.554923000000000055e+00,-2.583247000000000071e+00
1.241379999999999983e-01,-5.028620000000000312e-01
-6.218770000000000131e-01,-7.217440000000000522e-01
6.142239999999999922e-01,-5.164699999999999847e-02
2.111994000000000149e+00,1.445770999999999917e+00
1.345619999999999872e-01,2.159059999999999868e-01
-1.062019000000000046e+00,-1.367463000000000095e+00
-3.679209999999999980e-01,-5.980940000000000145e-01
-7.684750000000000192e-01,1.787759999999999905e-01
2.310379999999999934e-01,1.010947000000000040e+00
3.549800000000000177e-01,8.594979999999999842e-01
9.160500000000000587e-02,-2.448859999999999926e-01
4.731349999999999723e-01,-1.898599999999999940e-02
-3.536420000000000119e-01,-7.161089999999999955e-01
-7.372459999999999569e-01,-1.068969000000000058e+00
-3.774239999999999817e-01,-8.572210000000000107e-01
1.764672999999999936e+00,1.398841000000000001e+00
-5.065999999999999670e-02,-2.171099999999999974e-01
-9.104050000000000198e-01,-1.429967999999999906e+00
-2.747069999999999790e-01,-2.122630000000000072e-01
1.635689999999999922e-01,-1.702649999999999997e-01
-1.466790000000000038e+00,-1.429535999999999918e+00
-4.690159999999999885e-01,-5.451249999999999707e-01
-1.986048999999999953e+00,-2.127070999999999934e+00
-6.851610000000000200e-01,-4.817009999999999903e-01
-5.043999999999999595e-01,-5.026380000000000292e-01
-1.989978000000000025e+00,-1.613007999999999997e+00
-2.111649999999999916e-01,-7.826570000000000471e-01
-1.508752000000000093e+00,-1.850519999999999943e+00
1.848168000000000033e+00,1.305598000000000036e+00
7.083059999999999912e-01,5.510319999999999663e-01
9.444270000000000165e-01,6.453609999999999625e-01
-3.260239999999999805e-01,-4.811449999999999894e-01
7.922479999999999523e-01,6.964299999999999657e-02
-1.416760000000000019e+00,-1.220190000000000108e+00
8.066159999999999997e-01,6.843639999999999723e-01
-4.846360000000000112e-01,-8.831999999999999851e-01
-2.632619999999999960e-01,-5.836529999999999774e-01
-9.989160000000000261e-01,-1.440476000000000090e+00
-7.032810000000000450e-01,-1.131766999999999967e+00
-5.554130000000000456e-01,-9.582669999999999799e-01
-6.078750000000000542e-01,-1.227735999999999938e+00
2.454315999999999942e+00,2.037399000000000182e+00
-1.658499999999999905e-02,1.969430000000000069e-01
1.370819999999999927e+00,1.830742000000000091e+00
-1.503656000000000104e+00,-2.144559999999999800e+00
2.258469999999999922e-01,3.515159999999999951e-01
6.403600000000000403e-01,3.105629999999999780e-01
-5.302229999999999999e-01,-6.406020000000000048e-01
3.457100000000000173e-01,5.079780000000000406e-01
1.591684000000000099e+00,1.166496999999999895e+00
7.567669999999999675e-01,4.671170000000000044e-01
2.726629999999999887e-01,-6.332300000000000428e-02
3.975330000000000252e-01,2.702559999999999962e-01
5.426499999999999657e-01,7.135709999999999553e-01
-3.481920000000000015e-01,-1.233309999999999962e-01
-1.392633000000000010e+00,-1.708258999999999972e+00
2.064616000000000007e+00,1.713610999999999995e+00
-2.000000000000000042e-03,2.567749999999999755e-01
-2.956300000000000039e-01,-1.387269999999999892e-01
1.225269999999999970e-01,1.701509999999999967e-01
-2.629480000000000151e-01,-4.065210000000000212e-01
9.390789999999999971e-01,6.669559999999999933e-01
-9.878719999999999724e-01,-3.072699999999999876e-01
-2.557559999999999834e-01,-1.216890000000000055e-01
7.868870000000000031e-01,8.465449999999999919e-01
-5.763230000000000297e-01,-7.147869999999999502e-01
-6.308730000000000171e-01,-8.384749999999999703e-01
-1.015506000000000020e+00,-9.383420000000000094e-01
2.255100000000000160e-02,-4.738780000000000214e-01
-9.904499999999999416e-02,-4.753229999999999955e-01
6.422959999999999781e-01,1.284842000000000040e+00
5.235000000000000070e-03,-4.356700000000000017e-01
-9.331260000000000110e-01,-1.182260000000000089e+00
-2.339360000000000051e-01,-2.506169999999999787e-01
-5.669349999999999667e-01,-6.434839999999999449e-01
3.507700000000000262e-01,-2.995700000000000029e-01
-2.221548999999999996e+00,-1.736305999999999905e+00
5.051459999999999839e-01,6.767549999999999955e-01
6.227099999999999996e-02,-3.660439999999999805e-01
-1.420409999999999950e+00,-1.166614000000000040e+00
-9.263219999999999787e-01,-7.963029999999999831e-01
1.560281999999999947e+00,1.925715000000000066e+00
-1.210780000000000051e-01,-3.140839999999999743e-01
-1.116764000000000090e+00,-7.809220000000000050e-01
-7.158349999999999991e-01,-9.602600000000000025e-02
1.357860000000000067e+00,1.242040000000000033e+00
1.250709999999999988e+00,1.786145000000000094e+00
-6.668910000000000116e-01,-6.154870000000000063e-01
7.754330000000000389e-01,1.078319999999999945e+00
-7.751930000000000209e-01,-3.758929999999999771e-01
-1.046899999999999942e+00,-9.461359999999999770e-01
-2.122847000000000151e+00,-2.347869999999999902e+00
-1.323137999999999925e+00,-1.148916000000000048e+00
1.043255000000000043e+00,8.843450000000000477e-01
8.844349999999999712e-01,4.976909999999999945e-01
1.373866999999999949e+00,9.538349999999999884e-01
4.606469999999999732e-01,1.118279999999999968e-01
4.174720000000000097e-01,2.301920000000000077e-01
-1.292429999999999968e+00,-7.730129999999999502e-01
-2.337924999999999809e+00,-2.055323000000000011e+00
-8.900620000000000198e-01,-5.277399999999999869e-01
1.606019999999999948e-01,-1.204569999999999946e-01
2.532360000000000166e-01,4.857000000000000206e-03
1.394465000000000066e+00,7.140480000000000160e-01
9.854910000000000059e-01,9.717080000000000162e-01
1.053201999999999972e+00,2.366959999999999897e-01
-3.853409999999999891e-01,2.385899999999999965e-01
5.323300000000000254e-02,-1.383079999999999865e-01
-8.017379999999999507e-01,-8.389600000000000390e-01
-1.119564999999999921e+00,-1.168743000000000087e+00
-2.474903999999999993e+00,-2.303872000000000142e+00
-6.950220000000000287e-01,-9.208979999999999944e-01
1.120330999999999966e+00,8.749940000000000495e-01
-6.251780000000000115e-01,-7.910939999999999639e-01
-3.566900000000000071e-01,-1.013643000000000072e+00
-6.733310000000000128e-01,-4.032089999999999841e-01
-3.274699999999999833e-02,-2.616430000000000144e-01
2.099409999999999887e-01,4.828970000000000207e-01
-1.019406999999999952e+00,-1.467897000000000007e+00
-3.282240000000000157e-01,-1.364080000000000015e-01
-6.677710000000000035e-01,-6.891080000000000538e-01
3.997439999999999882e-01,1.621199999999999863e-01
-8.690449999999999564e-01,-7.598629999999999551e-01
1.877769999999999995e-01,1.886399999999999882e-02
-1.473430999999999935e+00,-1.577750999999999904e+00
-1.127628999999999992e+00,-1.551647999999999916e+00
1.869919999999999916e-01,5.927160000000000206e-01
-1.446719999999999950e-01,2.069449999999999901e-01
3.161619999999999986e-01,2.466540000000000121e-01
-1.845769999999999911e-01,-2.599170000000000091e-01
7.397080000000000322e-01,6.426819999999999755e-01
5.878010000000000179e-01,1.105051999999999923e+00
4.118330000000000046e-01,-9.932000000000000550e-02
-1.915979999999999905e-01,3.952399999999999664e-02
-3.970080000000000275e-01,-6.759999999999999516e-04
-1.334292000000000034e+00,-1.269160999999999984e+00
1.214310000000000000e+00,1.422195000000000098e+00
2.963729999999999976e-01,-1.728939999999999921e-01
-1.374651999999999985e+00,-2.084223000000000159e+00
5.304500000000000187e-02,-2.774249999999999772e-01
2.426899999999999891e-01,9.199910000000000032e-01
-1.017468000000000039e+00,-7.333439999999999959e-01
3.787360000000000171e-01,3.438430000000000097e-01
-1.967379999999999907e+00,-1.987451000000000079e+00
-1.635679999999999912e-01,-3.123839999999999950e-01
-2.160543000000000102e+00,-2.537075000000000191e+00
-1.746798999999999991e+00,-1.203300000000000036e+00
5.930199999999999916e-01,8.941059999999999564e-01
-1.828761999999999999e+00,-1.697046000000000054e+00
2.930130000000000234e-01,-1.118770000000000042e-01
-7.397120000000000362e-01,-4.230720000000000036e-01
3.717899999999999677e-02,-1.007979999999999987e-01
-1.993754999999999944e+00,-1.317010000000000014e+00
1.480205999999999911e+00,1.206158000000000063e+00
9.895950000000000024e-01,2.204849999999999866e-01
3.386040000000000161e-01,-2.538599999999999884e-02
7.899799999999999878e-02,2.362799999999999900e-01
-3.530499999999999750e-01,-1.661910000000000054e-01
-3.759000000000000188e-03,1.181180000000000008e-01
-1.255152999999999963e+00,-1.332178000000000084e+00
1.886470000000000091e-01,-2.180890000000000051e-01
-1.813000000000000028e-02,1.339400000000000035e-01
-4.487300000000000316e-02,4.015980000000000105e-01
3.034729999999999928e-01,4.801340000000000052e-01
5.411299999999999999e-01,5.653129999999999544e-01
-1.862807000000000102e+00,-1.526726999999999945e+00
-6.540080000000000338e-01,1.443999999999999971e-03
1.987651999999999974e+00,1.990046999999999899e+00
1.019646000000000052e+00,1.141356999999999955e+00
1.602235999999999994e+00,1.800332000000000043e+00
-9.401310000000000500e-01,-1.165770999999999891e+00
6.073279999999999790e-01,4.927099999999999813e-01
6.936879999999999713e-01,5.257349999999999524e-01
6.351790000000000491e-01,1.122876999999999903e+00
1.503543000000000074e+00,1.343943000000000110e+00
1.290886999999999896e+00,1.636403999999999970e+00
-1.251271000000000022e+00,-1.112759999999999971e+00
-1.537781999999999982e+00,-1.932528999999999941e+00
-1.348341000000000012e+00,-1.067376000000000102e+00
1.016815999999999942e+00,5.763369999999999882e-01
1.225040000000000018e-01,-1.158980000000000010e-01
1.253220000000000001e+00,1.221659999999999968e+00
5.731929999999999525e-01,7.084329999999999794e-01
-1.776439999999999964e-01,-1.794000000000000108e-02
1.040737999999999941e+00,1.035085000000000033e+00
1.475961000000000078e+00,8.681370000000000475e-01
4.913399999999999990e-01,2.561240000000000183e-01
-7.084819999999999451e-01,-3.972620000000000040e-01
-6.574860000000000149e-01,-7.769150000000000222e-01
1.262631999999999977e+00,1.233846999999999916e+00
-2.348409999999999942e-01,1.418010000000000104e-01
-4.517889999999999961e-01,-3.678049999999999931e-01
-1.237853000000000092e+00,-9.911579999999999835e-01
-7.396479999999999722e-01,-6.023479999999999945e-01
1.125690000000000024e-01,-3.043989999999999752e-01
1.360273999999999983e+00,1.241546999999999956e+00
2.821080000000000254e-01,2.524080000000000212e-01
-9.752629999999999910e-01,-1.181772000000000045e+00
1.006358000000000086e+00,5.111539999999999973e-01
-1.091898000000000035e+00,-1.631380999999999970e+00
-2.742459999999999898e-01,8.186400000000000621e-02
2.333642999999999912e+00,2.412141999999999786e+00
-2.662939999999999863e+00,-2.832593999999999834e+00
-1.311595999999999984e+00,-9.516360000000000374e-01
1.707809999999999884e-01,-6.604200000000000348e-02
2.042499999999999982e+00,1.011268999999999973e+00
1.427569000000000088e+00,1.009176000000000073e+00
-8.472300000000000386e-01,-7.424199999999999688e-01
8.008020000000000138e-01,9.562779999999999614e-01
-5.247309999999999475e-01,-2.411210000000000020e-01
-7.792620000000000102e-01,-9.850050000000000194e-01
-1.593202000000000007e+00,-1.677632999999999930e+00
-8.636409999999999920e-01,-8.180359999999999854e-01
7.717600000000000016e-01,1.117793999999999954e+00
-1.681602000000000041e+00,-1.783595000000000041e+00
-2.860779999999999990e-01,-8.403190000000000381e-01
4.948460000000000081e-01,1.776109999999999911e-01
-4.598000000000000004e-02,-9.029299999999999826e-02
3.356200000000000155e-02,-2.057690000000000075e-01
-1.019408000000000092e+00,-6.130079999999999973e-01
-1.181645999999999974e+00,-5.722089999999999677e-01
-8.625570000000000181e-01,-7.614579999999999682e-01
3.080160000000000120e-01,2.446929999999999938e-01
-2.681910000000000127e-01,-2.689860000000000029e-01
-5.310089999999999533e-01,-1.261100000000000110e+00
5.354830000000000423e-01,7.548909999999999787e-01
-7.525119999999999587e-01,-1.408794000000000102e+00
1.419737999999999944e+00,2.059756999999999838e+00
3.103028000000000119e+00,2.961062999999999779e+00
-9.662340000000000373e-01,-8.125999999999999890e-01
7.617209999999999814e-01,9.148469999999999658e-01
-2.571629999999999749e-01,-7.995900000000000230e-02
-4.234510000000000218e-01,-1.891269999999999896e-01
-2.409499999999999975e-01,-1.631549999999999945e-01
3.851209999999999911e-01,4.261059999999999848e-01
1.485969000000000095e+00,1.813312000000000035e+00
-1.930897000000000086e+00,-2.059877999999999876e+00
-7.837399999999999922e-01,-6.430010000000000447e-01
-2.769949999999999912e-01,-1.801300000000000123e-02
-6.339399999999999480e-01,-2.766440000000000010e-01
9.631119999999999681e-01,1.365429999999999922e+00
-6.793690000000000007e-01,-9.103700000000000125e-01
3.682259999999999978e-01,1.070019999999999999e-01
-1.411109999999999864e-01,-1.169339999999999963e-01
-3.665696000000000065e+00,-3.909368999999999872e+00
5.034899999999999792e-02,-2.807749999999999968e-01
1.048990000000000089e+00,9.929609999999999825e-01
5.912159999999999638e-01,6.052149999999999475e-01
1.165227999999999930e+00,7.264880000000000226e-01
-1.131810000000000038e-01,-2.292900000000000146e-02
5.894899999999999585e-01,9.324399999999999356e-02
-5.328720000000000123e-01,-2.005629999999999913e-01
-6.258500000000000174e-02,3.599840000000000262e-01
2.637430000000000052e-01,-2.645210000000000061e-01
-1.709888000000000075e+00,-1.406293999999999933e+00
3.344239999999999990e-01,3.784230000000000094e-01
-1.811255999999999977e+00,-1.670560000000000045e+00
-2.530709999999999904e-01,-9.395440000000000458e-01
8.794870000000000188e-01,2.798399999999999846e-02
5.054920000000000524e-01,3.986569999999999836e-01
1.267312999999999912e+00,1.201958000000000082e+00
5.786149999999999904e-01,5.804300000000000015e-01
-6.332510000000000083e-01,-4.824500000000000316e-02
-1.528127999999999931e+00,-1.927964000000000011e+00
-1.343290000000000040e-01,-8.651320000000000121e-01
-1.492221000000000020e+00,-1.484912000000000010e+00
8.072709999999999608e-01,1.333717999999999959e+00
8.286149999999999904e-01,1.031949999999999951e-01
4.390600000000000058e-02,-1.279770000000000074e-01
1.951829999999999954e-01,1.272799999999999973e-02
-1.046421999999999963e+00,-7.717030000000000278e-01
-8.923170000000000268e-01,-7.111549999999999816e-01
-1.305654000000000092e+00,-1.312367999999999979e+00
4.140849999999999809e-01,3.526070000000000038e-01
9.404719999999999747e-01,8.116640000000000521e-01
-9.674220000000000041e-01,-1.584257000000000026e+00
-1.023084000000000104e+00,-1.126368000000000036e+00
4.198700000000000210e-01,-1.799399999999999958e-02
-5.010099999999999554e-01,-5.087599999999999900e-01
5.488979999999999970e-01,8.336499999999999466e-02
1.080505999999999966e+00,1.912300000000000111e-01
1.190202999999999900e+00,1.198439000000000032e+00
9.022679999999999589e-01,7.632349999999999968e-01
-5.022039999999999837e-01,-5.709480000000000111e-01
-1.365823999999999927e+00,-6.717610000000000525e-01
-4.547979999999999801e-01,-4.099720000000000031e-01
8.781269999999999909e-01,9.243219999999999770e-01
9.558830000000000382e-01,1.387777000000000038e+00
-1.610670999999999964e+00,-1.697300999999999949e+00
-1.516661999999999955e+00,-2.190993999999999886e+00
1.267096000000000000e+00,1.323862000000000094e+00
-4.388600000000000140e-02,3.939759999999999929e-01
-6.332900000000000196e-01,-8.909629999999999495e-01
7.918100000000000138e-02,2.143839999999999912e-01
1.766900000000000068e-02,-1.473899999999999932e-01
1.242324999999999902e+00,9.942619999999999791e-01
-1.043122000000000105e+00,-8.811919999999999753e-01
-6.550869999999999749e-01,-9.294059999999999544e-01
-1.118106000000000044e+00,-1.438460999999999990e+00
1.106773000000000007e+00,8.586559999999999748e-01
-7.559649999999999981e-01,-6.034850000000000492e-01
2.199850000000000139e-01,2.052450000000000108e-01
-1.701009999999999911e+00,-1.947197000000000067e+00
2.049709999999999865e-01,4.658930000000000016e-01
1.551096000000000030e+00,1.950258000000000047e+00
-1.789459999999999940e-01,-4.614000000000000046e-02
-1.173113000000000072e+00,-1.367626999999999926e+00
-1.189100000000000053e-02,-1.689720000000000111e-01
1.636730000000000129e-01,5.818900000000000183e-01
1.303255999999999970e+00,1.892943999999999960e+00
1.688760000000000039e+00,2.040001999999999871e+00
-6.792719999999999869e-01,-8.976290000000000102e-01
1.910860000000000058e-01,1.083510000000000029e-01
-4.688470000000000137e-01,-5.366499999999999743e-02
-1.475532999999999983e+00,-1.270723999999999965e+00
-4.331579999999999875e-01,-3.975620000000000265e-01
2.055096999999999952e+00,1.629717000000000082e+00
6.292740000000000000e-01,7.740930000000000311e-01
6.344689999999999497e-01,4.670130000000000114e-01
1.803938999999999959e+00,2.665007999999999821e+00
-1.952019999999999866e-01,-5.286459999999999493e-01
4.970600000000000018e-02,1.628860000000000030e-01
9.476069999999999771e-01,1.816175000000000095e+00
4.422119999999999940e-01,4.830749999999999766e-01
3.601090000000000124e-01,6.284750000000000059e-01
3.517580000000000151e-01,3.668069999999999942e-01
-8.858350000000000390e-01,-4.048309999999999964e-01
1.412652999999999937e+00,1.489576000000000011e+00
4.709189999999999765e-01,2.019219999999999904e-01
2.725429999999999797e-01,2.599159999999999804e-01
1.927170999999999967e+00,1.645076999999999900e+00
1.478563999999999989e+00,1.522848999999999897e+00
-8.482469999999999732e-01,-5.178150000000000253e-01
5.869069999999999565e-01,8.255029999999999868e-01
-2.688110000000000221e-01,-3.369409999999999905e-01
-2.479129999999999945e-01,-1.616009999999999946e-01
-1.230733000000000077e+00,-1.410395999999999983e+00
1.363677000000000028e+00,1.427842000000000056e+00
-2.851239999999999886e-01,-2.435809999999999920e-01
-7.893999999999999906e-01,-7.358160000000000256e-01
-1.877910000000000135e-01,-3.073359999999999981e-01
1.304718000000000044e+00,1.307706999999999953e+00
8.756479999999999819e-01,5.633869999999999711e-01
1.249274999999999913e+00,1.136011000000000104e+00
-1.620614999999999917e+00,-2.036840999999999902e+00
-3.809300000000000186e-02,5.071170000000000400e-01
-4.182609999999999939e-01,-8.653790000000000093e-01
1.187483000000000066e+00,1.492555000000000076e+00
5.869779999999999998e-01,4.108700000000000130e-01
-1.066095000000000015e+00,-1.122648000000000090e+00
-3.152420000000000222e-01,-9.755099999999999882e-01
3.015129999999999755e-01,-2.130200000000000149e-02
-1.576246000000000036e+00,-1.681195999999999913e+00
-7.900760000000000005e-01,-1.283193000000000028e+00
1.090376000000000012e+00,1.175851999999999897e+00
-1.079320000000000002e-01,-9.114060000000000494e-01
-6.999870000000000259e-01,-2.815300000000000025e-01
-1.531215999999999910e+00,-1.153880000000000017e+00
1.785191999999999890e+00,2.174335000000000129e+00
9.696100000000000552e-02,2.164149999999999963e-01
2.989899999999999849e-02,-2.630890000000000173e-01
1.586362999999999968e+00,1.501552999999999916e+00
-6.464509999999999978e-01,-7.028100000000000458e-01
1.621472999999999942e+00,1.660233000000000070e+00
-3.369789999999999730e-01,-3.803460000000000174e-01
7.593400000000000150e-02,1.003340000000000065e-01
2.702860000000000262e-01,4.112569999999999837e-01
2.043999999999999984e-01,3.737139999999999906e-01
7.624220000000000441e-01,1.175572999999999979e+00
-1.259399999999999929e-02,-9.309399999999999620e-02
1.377615000000000034e+00,1.471721000000000057e+00
-5.388400000000000134e-02,1.123689999999999967e-01
8.296350000000000113e-01,3.805499999999999994e-01
2.560039000000000176e+00,2.069109000000000087e+00
1.128921999999999981e+00,1.204372999999999916e+00
6.076169999999999627e-01,9.564859999999999474e-01
-1.086759999999999948e-01,-3.983639999999999959e-01
-2.577169999999999739e-01,-4.072620000000000129e-01
-1.289059999999999928e-01,3.531429999999999847e-01
3.825979999999999936e-01,2.641870000000000052e-01
1.660030000000000117e-01,4.849580000000000002e-01
1.070679999999999965e-01,-2.181400000000000006e-01
-8.659940000000000415e-01,-3.321200000000000263e-01
1.384176999999999991e+00,1.067172000000000009e+00
2.837500000000000022e-01,1.578289999999999971e-01
6.654500000000000692e-02,-3.355989999999999807e-01
1.701232999999999995e+00,1.801190999999999987e+00
2.088797000000000015e+00,1.368039999999999923e+00
2.297972000000000126e+00,1.935604000000000102e+00
3.943300000000000277e-02,-1.900779999999999970e-01
-7.104629999999999557e-01,-2.855159999999999920e-01
-6.880239999999999689e-01,-4.423400000000000248e-02
-6.662050000000000471e-01,-5.355839999999999490e-01
-1.287049000000000110e+00,-8.798160000000000425e-01
-1.353010000000000046e-01,-3.878150000000000208e-01
-4.485549999999999815e-01,-1.388101000000000029e+00
1.103515999999999941e+00,-1.029049000000000103e+00
-7.568059999999999787e-01,1.060953000000000035e+00
-9.758480000000000487e-01,5.452639999999999709e-01
6.968079999999999830e-01,-1.764249999999999985e-01
8.106269999999999865e-01,-2.600990000000000246e-01
7.717150000000000398e-01,-5.226579999999999560e-01
-7.565030000000000365e-01,8.248809999999999754e-01
8.654799999999999993e-02,2.848789999999999933e-01
-2.813559999999999950e-01,3.086059999999999914e-01
3.773599999999999732e-01,-4.473170000000000202e-01
1.262561000000000044e+00,-1.239737000000000089e+00
7.838089999999999780e-01,-8.395270000000000232e-01
-2.027811999999999948e+00,1.858726000000000100e+00
-3.682250000000000245e-01,9.927869999999999751e-01
-5.200780000000000403e-01,4.280660000000000021e-01
-1.347034999999999982e+00,1.091372999999999927e+00
-1.704787000000000052e+00,1.982650999999999941e+00
-2.141490000000000060e-01,-1.448409999999999975e-01
-1.485665999999999931e+00,1.113240000000000007e+00
-7.119849999999999790e-01,5.974789999999999823e-01
-4.649869999999999837e-01,6.355840000000000378e-01
6.480249999999999622e-01,-3.323940000000000228e-01
8.562130000000000019e-01,-8.585319999999999618e-01
7.059899999999999509e-02,3.832400000000000251e-01
-1.660695999999999950e+00,1.632716999999999974e+00
6.364509999999999890e-01,-4.614130000000000176e-01
-9.518590000000000106e-01,1.158814999999999928e+00
-5.854190000000000227e-01,3.704100000000000170e-01
-2.537805999999999784e+00,1.926895000000000024e+00
6.895660000000000123e-01,-9.108650000000000357e-01
-6.109320000000000306e-01,-5.080099999999999894e-02
5.629900000000000182e-02,-5.031799999999999606e-01
1.758259000000000016e+00,-1.549447000000000019e+00
-5.784299999999999997e-01,9.713499999999999912e-02
-6.572170000000000512e-01,9.196159999999999890e-01
-1.641504999999999992e+00,1.573706999999999967e+00
4.348620000000000263e-01,-2.867029999999999856e-01
1.810227000000000031e+00,-1.575366000000000044e+00
9.873870000000000147e-01,-1.302348999999999979e+00
-2.770969999999999822e-01,8.722889999999999810e-01
-1.125307000000000057e+00,1.020448000000000022e+00
-3.809259999999999868e-01,-2.142700000000000160e-02
3.699399999999999911e-02,-1.329950000000000021e-01
-2.110028999999999932e+00,2.108280000000000154e+00
1.026091000000000086e+00,-8.714039999999999564e-01
-1.496563000000000088e+00,1.736491000000000007e+00
2.459220000000000017e-01,-3.054769999999999985e-01
3.928249999999999797e-01,-2.963500000000000023e-01
-1.732877999999999918e+00,1.306456000000000062e+00
-1.240267999999999926e+00,1.049814000000000025e+00
-1.061415999999999915e+00,1.084843999999999919e+00
-1.339039999999999953e-01,-4.442860000000000142e-01
9.217109999999999470e-01,-8.010789999999999855e-01
4.373600000000000265e-01,-4.537979999999999792e-01
-1.117960000000000065e-01,2.046939999999999871e-01
1.254596999999999962e+00,-1.201440999999999981e+00
3.809690000000000021e-01,-8.575800000000000090e-02
1.840546999999999933e+00,-2.166206999999999994e+00
5.165920000000000512e-01,-7.713200000000000611e-02
-4.788519999999999999e-01,4.497299999999999909e-02
1.890489999999999948e-01,-6.051200000000000329e-02
-2.310239000000000154e+00,2.635604999999999976e+00
-1.388155000000000028e+00,1.900825999999999905e+00
-9.634369999999999878e-01,8.393850000000000477e-01
-6.033530000000000282e-01,1.042211999999999916e+00
7.411990000000000522e-01,-9.600100000000000300e-01
2.626999999999999995e-03,6.218150000000000066e-01
-1.659675999999999929e+00,1.668900999999999968e+00
-1.256667999999999896e+00,1.633277000000000090e+00
1.023676000000000030e+00,-9.058469999999999578e-01
4.723060000000000036e-01,-8.317369999999999486e-01
-1.220070000000000043e-01,-2.205779999999999963e-01
1.066082999999999892e+00,-1.165569000000000077e+00
6.709900000000000586e-02,-4.781880000000000019e-01
-3.061551999999999829e+00,3.851513000000000186e+00
-5.908050000000000246e-01,5.926280000000000436e-01
-5.082999999999999741e-01,5.785699999999999871e-02
-2.552119999999999944e-01,2.647519999999999873e-01
5.103950000000000431e-01,-2.657519999999999882e-01
3.179299999999999904e-01,-1.497560000000000002e-01
-1.051728999999999914e+00,1.592713000000000045e+00
7.381050000000000111e-01,-1.732130000000000059e-01
-1.664976000000000012e+00,1.399351000000000012e+00
-6.799089999999999856e-01,5.774439999999999573e-01
-2.386070000000000135e+00,2.401736999999999789e+00
-5.594930000000000181e-01,1.046940999999999899e+00
9.481739999999999613e-01,-1.376492999999999967e+00
-4.095399999999999735e-02,-3.832610000000000183e-01
4.305599999999999705e-02,1.384239999999999915e-01
-1.499238999999999988e+00,1.410595999999999961e+00
-1.087415000000000020e+00,7.987389999999999768e-01
-2.057714999999999961e+00,1.696042000000000050e+00
-1.263716000000000061e+00,1.151601000000000097e+00
6.254720000000000280e-01,-6.533440000000000358e-01
5.866699999999999693e-02,-4.882399999999999934e-02
-1.006861999999999924e+00,1.177127000000000034e+00
-3.256430000000000158e-01,-7.467300000000000326e-02
-1.003814999999999902e+00,1.531228999999999951e+00
2.657820000000000182e-01,7.643999999999999406e-02
-9.591499999999999471e-01,7.898359999999999825e-01
5.260920000000000041e-01,-7.882350000000000190e-01
2.893279999999999741e-01,4.913290000000000157e-01
-9.289870000000000072e-01,1.505120000000000013e+00
-5.087429999999999453e-01,-3.812800000000000217e-02
9.294459999999999944e-01,-8.385690000000000088e-01
-8.972200000000000175e-01,1.090680000000000094e+00
6.192670000000000119e-01,-7.049020000000000286e-01
-9.031780000000000364e-01,5.849600000000000355e-01
4.057609999999999828e-01,-1.916700000000000001e-02
1.830549999999999955e-01,-3.802659999999999929e-01
-9.647219999999999684e-01,1.068070999999999993e+00
5.104619999999999713e-01,-1.037010999999999905e+00
-4.814749999999999863e-01,6.155519999999999881e-01
1.884208000000000105e+00,-1.710102999999999929e+00
-1.783811000000000035e+00,2.051126000000000005e+00
-7.466000000000000414e-03,3.484289999999999887e-01
2.013139999999999930e-01,-8.024699999999999889e-02
-1.993165999999999993e+00,1.444196999999999953e+00
-1.268859999999999988e-01,-1.112800000000000074e-02
1.191170000000000007e-01,4.601560000000000095e-01
-1.315047999999999995e+00,1.077706000000000053e+00
5.453240000000000309e-01,-6.391459999999999919e-01
-8.963179999999999481e-01,1.030858999999999970e+00
-3.398059999999999969e-01,7.433840000000000447e-01
-4.673470000000000124e-01,2.222969999999999946e-01
6.439629999999999521e-01,-4.217699999999999783e-01
1.113369000000000053e+00,-1.326473000000000013e+00
-5.475999999999999757e-01,5.264140000000000486e-01
3.817150000000000265e-01,-4.016540000000000110e-01
-2.722820000000000240e-01,1.447859999999999980e-01
-5.615759999999999641e-01,8.710729999999999862e-01
2.391236000000000139e+00,-1.831777999999999906e+00
-3.339409999999999878e-01,-7.046299999999999786e-02
-1.739789999999999948e-01,7.009889999999999732e-01
3.461279999999999912e-01,8.215699999999999392e-02
-1.036269999999999969e-01,1.464870000000000061e-01
-1.142169999999999991e-01,4.225700000000000012e-01
4.899109999999999854e-01,-1.235310000000000019e-01
-6.696299999999999475e-01,1.148965999999999932e+00
-1.446725000000000039e+00,1.394487000000000032e+00
4.576999999999999957e-01,-6.908189999999999609e-01
1.644829000000000097e+00,-1.121159000000000017e+00
7.337550000000000461e-01,-9.417790000000000328e-01
-1.952520000000000089e-01,6.690180000000000016e-01
-9.905059999999999976e-01,1.638425000000000020e+00
1.004596999999999962e+00,-8.697380000000000111e-01
6.762500000000000455e-02,2.874680000000000013e-01
8.771090000000000275e-01,-1.575409999999999866e-01
1.122819000000000011e+00,-1.110897000000000023e+00
2.236498999999999793e+00,-2.130002999999999869e+00
-1.520391000000000048e+00,1.158644999999999925e+00
-5.021189999999999820e-01,6.105089999999999684e-01
-7.801989999999999759e-01,1.465098999999999929e+00
-2.163460000000000105e-01,1.323340000000000072e-01
2.037559999999999927e-01,4.846799999999999720e-02
1.271490000000000120e-01,1.803899999999999948e-02
5.949520000000000364e-01,1.094400000000000060e-02
2.190630000000000077e-01,3.818639999999999812e-01
-2.062063000000000201e+00,1.926476999999999995e+00
1.144401000000000002e+00,-5.080660000000000176e-01
-1.443003999999999953e+00,9.177319999999999922e-01
-1.215195999999999943e+00,9.438659999999999828e-01
2.791779999999999817e-01,4.785000000000000191e-03
7.983930000000000193e-01,-5.766379999999999839e-01
-1.530380000000000074e-01,2.754079999999999862e-01
2.538779999999999926e-01,7.158799999999999886e-02
5.010909999999999531e-01,9.570299999999999641e-02
-4.182250000000000134e-01,3.702810000000000268e-01
-7.165300000000000002e-01,1.267298999999999953e+00
-1.025619999999999976e+00,9.845059999999999922e-01
3.034459999999999935e-01,-2.914269999999999916e-01
-4.204200000000000298e-02,1.489209999999999978e-01
-9.037539999999999463e-01,3.817840000000000122e-01
-1.057450999999999919e+00,6.427329999999999988e-01
-6.758979999999999988e-01,9.780990000000000517e-01
2.570561000000000096e+00,-1.798111999999999933e+00
2.049113000000000184e+00,-2.550612000000000101e+00
-1.922059999999999880e-01,-2.592709999999999737e-01
1.639345999999999970e+00,-1.548944000000000099e+00
-2.437910000000000077e-01,-3.919999999999999873e-03
-6.699270000000000502e-01,1.040146000000000015e+00
-8.015959999999999752e-01,1.144223999999999908e+00
1.009038000000000102e+00,-6.816250000000000364e-01
3.820339999999999847e-01,7.613200000000000522e-02
-5.659490000000000354e-01,6.363820000000000032e-01
-3.213860000000000050e-01,-2.026100000000000123e-02
-2.257630999999999943e+00,2.517654999999999976e+00
9.102799999999999780e-02,-3.030599999999999961e-02
2.173200000000000132e-01,-5.284940000000000193e-01
3.665089999999999737e-01,-1.037710000000000021e-01
7.780979999999999563e-01,-9.901389999999999914e-01
-1.651497999999999911e+00,1.509063000000000043e+00
1.312165000000000026e+00,-1.007397000000000098e+00
-1.617270000000000096e-01,5.928750000000000409e-01
4.658959999999999768e-01,-4.969560000000000088e-01
-5.509319999999999773e-01,6.624360000000000248e-01
2.717817999999999845e+00,-2.813270999999999855e+00
1.077668999999999988e+00,-1.132181000000000104e+00
-1.007093000000000016e+00,7.823409999999999531e-01
7.638220000000000010e-01,-3.554019999999999957e-01
-5.076519999999999921e-01,8.720130000000000381e-01
4.884249999999999980e-01,-1.723439999999999972e-01
-1.262429999999999941e-01,-1.831230000000000080e-01
1.198175999999999908e+00,-1.531163999999999970e+00
-7.278900000000000647e-02,2.475300000000000070e-02
-7.503319999999999990e-01,1.099601000000000051e+00
-8.244329999999999714e-01,5.698630000000000084e-01
-1.794286000000000048e+00,1.777967999999999993e+00
-1.677213000000000065e+00,1.765818000000000110e+00
-4.379799999999999804e-01,9.003870000000000484e-01
1.292570000000000108e-01,-4.002820000000000267e-01
5.155099999999999960e-02,-2.258759999999999935e-01
2.158130000000000048e-01,-3.053600000000000203e-01
2.123619999999999952e-01,1.035169999999999979e-01
-1.366708999999999952e+00,1.677192999999999934e+00
-8.024719999999999631e-01,6.517539999999999445e-01
-1.556446999999999914e+00,9.443540000000000267e-01
-5.748899999999999844e-02,9.234599999999999753e-02
-5.431960000000000122e-01,-1.080190000000000039e-01
-9.628560000000000452e-01,7.574539999999999607e-01
5.908900000000000263e-01,-1.116147999999999918e+00
-5.201580000000000092e-01,5.477889999999999704e-01
-8.240000000000000102e-02,-6.194500000000000006e-02
-9.960620000000000029e-01,1.198876000000000053e+00
-7.534129999999999994e-01,-1.167949999999999960e-01
-3.303719999999999990e-01,6.275279999999999747e-01
2.346499999999999975e-02,-4.069110000000000227e-01
-2.961909999999999821e-01,-1.718449999999999978e-01
-2.175619999999999887e+00,2.296622000000000163e+00
-2.136390000000000011e+00,2.556899000000000033e+00
-8.750449999999999617e-01,6.070200000000000040e-01
-3.122469999999999968e-01,4.556529999999999747e-01
1.808937999999999935e+00,-2.049571999999999949e+00
-2.716778999999999833e+00,2.774191000000000074e+00
-3.874999999999999972e-03,1.964090000000000003e-01
9.878800000000000081e-02,-8.926199999999999413e-02
1.501854999999999940e+00,-1.489659999999999984e+00
4.211289999999999756e-01,-2.287180000000000046e-01
-9.625650000000000039e-01,6.884270000000000111e-01
1.181672999999999973e+00,-1.492542999999999953e+00
1.237700000000000085e-02,-8.085390000000000077e-01
-1.396965999999999930e+00,9.185130000000000239e-01
-9.746289999999999676e-01,9.271070000000000144e-01
-2.134359999999999868e-01,1.607750000000000012e-01
-5.722199999999999509e-01,7.124840000000000062e-01
5.483749999999999458e-01,-1.357250000000000123e-01
-8.298299999999999566e-01,5.166889999999999539e-01
1.551126000000000005e+00,-1.196214000000000111e+00
8.109819999999999807e-01,-1.390643000000000074e+00
2.236410000000000065e-01,-2.902120000000000255e-01
1.312813000000000008e+00,-9.662370000000000125e-01
-1.119466000000000072e+00,1.079995000000000038e+00
-5.670619999999999550e-01,7.725919999999999455e-01
-4.249069999999999792e-01,5.082759999999999501e-01
-2.383167999999999953e+00,2.331112000000000073e+00
6.594400000000000261e-02,3.199879999999999947e-01
4.989970000000000239e-01,-7.854499999999999815e-01
4.178310000000000080e-01,-3.520360000000000156e-01
-1.841798000000000046e+00,1.952817999999999943e+00
-2.847900000000000084e-02,1.261700000000000044e-01
-5.759039999999999715e-01,3.416219999999999812e-01
2.508560000000000234e-01,-1.190309999999999979e-01
-1.465009999999999923e+00,9.618560000000000443e-01
-1.439030000000000031e-01,2.142060000000000075e-01
-6.570460000000000189e-01,1.330810000000000048e+00
-1.281276999999999999e+00,1.075356999999999896e+00
5.786510000000000264e-01,-6.215659999999999519e-01
-9.921900000000000164e-02,-2.642869999999999941e-01
-1.176714000000000038e+00,1.356502000000000097e+00
-9.107589999999999852e-01,1.481649999999999912e-01
2.373806000000000083e+00,-2.708009000000000110e+00
2.203700000000000103e-02,3.036510000000000042e-01
1.559660999999999964e+00,-1.762175999999999965e+00
8.067860000000000031e-01,-3.669419999999999904e-01
-7.956299999999999484e-01,3.707989999999999897e-01
9.961619999999999919e-01,-5.754879999999999995e-01
4.554960000000000120e-01,-4.780000000000000178e-04
8.532889999999999642e-01,-8.973170000000000313e-01
1.271773000000000042e+00,-1.063717999999999941e+00
1.920973000000000042e+00,-1.676587000000000049e+00
-1.133100000000000079e-02,-3.211200000000000165e-02
-8.411939999999999973e-01,1.073833000000000037e+00
8.838999999999999635e-03,-3.860600000000000143e-02
-1.471119999999999928e-01,4.288239999999999830e-01
4.474639999999999729e-01,-6.008809999999999985e-01
1.053916000000000075e+00,-1.230477999999999961e+00
-2.733700000000000019e-02,4.883370000000000211e-01
-1.352068000000000048e+00,1.700831999999999899e+00
-7.330799999999999816e-02,-2.187119999999999898e-01
-1.162250999999999923e+00,1.636382999999999921e+00
1.878869999999999985e-01,-5.457659999999999734e-01
-2.504460000000000020e-01,4.011449999999999738e-01
-7.725189999999999557e-01,1.329614999999999991e+00
-4.028930000000000011e-01,6.998560000000000336e-01
-5.649610000000000465e-01,6.041009999999999991e-01
7.552900000000000169e-01,-1.063836999999999922e+00
3.214389999999999747e-01,-6.295600000000000085e-01
-7.959490000000000176e-01,5.548300000000000454e-01
-2.387675000000000214e+00,1.990844000000000058e+00
-1.807080000000000075e-01,2.382990000000000108e-01
-4.877679999999999794e-01,1.752900000000000014e-01
1.522909999999999986e+00,-1.297220000000000040e+00
1.349312999999999985e+00,-7.062880000000000269e-01
-7.404939999999999856e-01,1.056016000000000066e+00
6.218709999999999516e-01,-8.252190000000000358e-01
-1.499500000000000055e+00,1.217867000000000033e+00
1.630060000000000064e+00,-1.758404000000000078e+00
1.378641999999999923e+00,-1.355790999999999968e+00
-3.903150000000000230e-01,2.190809999999999980e-01
-3.328909999999999925e-01,9.625129999999999519e-01
-1.317039999999999877e-01,3.156729999999999814e-01
-1.640417000000000014e+00,1.709605000000000041e+00
-1.057636000000000021e+00,6.591409999999999769e-01
1.024478000000000000e+00,-8.524490000000000123e-01
-1.532389999999999863e-01,7.850500000000000533e-02
1.164641000000000037e+00,-7.873430000000000151e-01
3.555889999999999884e-01,-2.222189999999999999e-01
2.609580000000000233e-01,2.693599999999999883e-01
-1.145260000000000028e-01,6.340710000000000512e-01
1.009184999999999999e+00,-1.166034000000000015e+00
-2.566476999999999897e+00,1.753357999999999972e+00
-6.334499999999999575e-01,9.187299999999999633e-02
2.902649999999999952e-01,1.169690000000000035e-01
-8.048060000000000214e-01,7.101349999999999607e-01
-8.000289999999999901e-01,7.192990000000000217e-01
1.727668999999999899e+00,-1.709675000000000056e+00
-3.847539999999999849e-01,3.818110000000000115e-01
4.725909999999999833e-01,-1.276013000000000064e+00
-4.265140000000000042e-01,1.824500000000000011e-01
-1.654865999999999948e+00,1.662798999999999916e+00
-2.043429000000000162e+00,2.289718999999999838e+00
1.852159999999999918e-01,2.948689999999999922e-01
7.769190000000000262e-01,-2.810909999999999798e-01
4.161380000000000079e-01,8.761700000000000044e-02
2.764849999999999808e-01,-6.657690000000000552e-01
7.378409999999999691e-01,-9.395390000000000130e-01
8.875399999999999956e-01,-1.132606000000000002e+00
6.567699999999999649e-01,-4.283669999999999978e-01
1.270998000000000072e+00,-1.049914000000000014e+00
-1.600470999999999977e+00,1.906975000000000087e+00
-6.327599999999999891e-02,-3.823219999999999952e-01
1.182247999999999966e+00,-1.283617000000000008e+00
8.301899999999999558e-02,6.744320000000000315e-01
-1.160258999999999929e+00,6.039419999999999789e-01
7.488740000000000396e-01,1.715689999999999993e-01
-8.977640000000000065e-01,4.615770000000000151e-01
-1.030856999999999912e+00,1.074553000000000091e+00
-7.517699999999999383e-02,3.302359999999999740e-01
3.864420000000000077e-01,-8.158149999999999569e-01
-4.852929999999999744e-01,1.716000000000000077e-03
1.353345999999999938e+00,-1.723071999999999937e+00
1.357364999999999933e+00,-1.200831999999999899e+00
2.988689999999999958e-01,-6.955899999999999583e-02
2.466220000000000079e-01,-3.845770000000000022e-01
-6.600810000000000288e-01,1.881240000000000134e-01
1.073960000000000053e-01,-2.217179999999999984e-01
-3.273139999999999938e-01,3.289520000000000222e-01
-5.478450000000000264e-01,1.239886000000000044e+00
-1.589569999999999927e+00,1.256672999999999929e+00
-1.006719999999999976e-01,-1.012350000000000055e-01
-3.715149999999999841e-01,4.651500000000000079e-01
2.593500000000000250e-01,-5.509140000000000148e-01
2.677530000000000188e-01,4.170499999999999902e-02
9.200810000000000377e-01,-3.630999999999999783e-01
3.495159999999999934e-01,-1.983209999999999973e-01
-1.383736999999999995e+00,1.602324999999999999e+00
9.620319999999999983e-01,-1.262775999999999899e+00
-1.867985000000000007e+00,1.551134000000000013e+00
1.452631999999999923e+00,-1.140956000000000081e+00
5.729000000000000065e-02,2.029549999999999965e-01
5.444199999999999734e-02,3.939800000000000246e-02
-5.980670000000000153e-01,6.753310000000000146e-01
-2.677089999999999748e-01,1.051600000000000035e-01
-1.543841000000000019e+00,1.376044000000000045e+00
6.346400000000000652e-02,-4.053180000000000116e-01
6.572059999999999569e-01,-7.072920000000000318e-01
-1.173759999999999942e-01,-3.199310000000000209e-01
7.324399999999999800e-01,-1.401019999999999932e+00
-4.390279999999999738e-01,8.192599999999999882e-01
6.677100000000000257e-01,-9.795880000000000143e-01
7.378770000000000051e-01,-1.528272000000000075e+00
5.358079999999999510e-01,-5.825000000000000178e-01
1.341693000000000024e+00,-1.121685999999999961e+00
4.325010000000000243e-01,-1.751389999999999891e-01
-3.891709999999999892e-01,4.068709999999999827e-01
-6.628830000000000000e-01,2.968259999999999788e-01
2.742829999999999990e-01,-4.804999999999999827e-01
2.746160000000000267e-01,-4.414230000000000098e-01
-8.430500000000000493e-02,-1.426630000000000120e-01
1.022539999999999977e-01,-1.497880000000000045e-01
-1.049458000000000002e+00,1.187686999999999937e+00
-9.470830000000000082e-01,8.999979999999999647e-01
-1.411162000000000027e+00,1.329045999999999950e+00
-1.760537999999999936e+00,1.301708000000000087e+00
8.989970000000000461e-01,-8.545350000000000446e-01
1.423097999999999974e+00,-1.677774000000000099e+00
-2.639305999999999930e+00,2.588163000000000213e+00
-1.876750000000000085e-01,-1.178249999999999992e-01
1.070648000000000044e+00,-9.797970000000000290e-01
2.382630000000000026e-01,-2.437509999999999954e-01
-2.274791000000000007e+00,1.841558000000000028e+00
8.363120000000000553e-01,-5.376109999999999500e-01
-1.336147999999999891e+00,9.470070000000000432e-01
1.123553000000000024e+00,-1.369467999999999908e+00
8.836699999999999555e-01,-8.471450000000000369e-01
1.290172000000000097e+00,-1.009519999999999973e+00
-6.620920000000000138e-01,7.600099999999999911e-02
-1.839355999999999991e+00,1.889909999999999979e+00
6.061490000000000489e-01,-4.601190000000000002e-01
1.140400000000000025e-01,-2.220900000000000096e-01
-4.562209999999999877e-01,5.404740000000000100e-01
-1.251922999999999897e+00,1.782237999999999989e+00
7.344939999999999802e-01,-1.116503999999999941e+00
-6.478169999999999762e-01,2.998000000000000109e-01
7.953409999999999647e-01,-7.688319999999999599e-01
1.103725999999999985e+00,-1.274302000000000046e+00
1.426973000000000047e+00,-1.424272999999999900e+00
7.320560000000000400e-01,-4.739539999999999864e-01
-9.719459999999999766e-01,5.989750000000000352e-01
-9.524110000000000076e-01,1.342977000000000087e+00
5.234630000000000116e-01,-8.108490000000000419e-01
-6.959480000000000111e-01,7.275589999999999558e-01
2.970099999999999962e-01,-6.620610000000000106e-01
-1.551299999999999901e-01,9.819300000000000250e-02
-8.854130000000000056e-01,5.310399999999999565e-01
8.880190000000000028e-01,-1.649839000000000055e+00
1.325385000000000035e+00,-1.118977000000000110e+00
-7.688399999999999401e-02,-1.117940000000000045e-01
8.318809999999999816e-01,-2.809670000000000223e-01
-1.161483000000000043e+00,1.078243999999999980e+00
-6.917569999999999553e-01,6.741289999999999782e-01
1.014955000000000052e+00,-1.413011000000000017e+00
-1.692889000000000088e+00,1.292559999999999931e+00
-7.418740000000000334e-01,1.303519000000000094e+00
3.253849999999999798e-01,2.654199999999999962e-02
1.287396999999999903e+00,-1.292275000000000063e+00
-3.143399999999999667e-02,-6.168500000000000094e-01
-1.287754999999999983e+00,1.209211000000000036e+00
-2.256698000000000093e+00,2.198132999999999893e+00
-9.342420000000000169e-01,8.341819999999999791e-01
7.709819999999999451e-01,-2.848160000000000136e-01
4.490460000000000007e-01,-4.142870000000000164e-01
1.312435000000000018e+00,-1.138101999999999947e+00
-1.434180999999999928e+00,1.632406000000000024e+00
1.038216999999999945e+00,-5.767700000000000049e-01
-1.512505999999999906e+00,1.545156999999999892e+00
-8.222350000000000492e-01,9.277050000000000018e-01
-1.071619999999999934e-01,9.168349999999999556e-01
-2.892799999999999816e-01,5.254500000000000143e-02
1.904395999999999978e+00,-1.652714999999999934e+00
8.409879999999999578e-01,-4.916769999999999752e-01
-7.488000000000000211e-02,2.720839999999999925e-01
-6.916900000000000270e-01,6.988240000000000007e-01
-1.506329000000000029e+00,1.210744000000000042e+00
-1.127723000000000031e+00,1.032879000000000103e+00
-4.761830000000000229e-01,8.170589999999999797e-01
8.908129999999999660e-01,-1.071393000000000040e+00
-1.904760000000000064e-01,2.075120000000000020e-01
-2.175159999999999871e-01,-2.904039999999999955e-01
-2.890588000000000157e+00,2.662354000000000109e+00
-1.303982999999999892e+00,9.444789999999999575e-01
3.364050000000000096e-01,-1.919490000000000085e-01
-1.924479000000000051e+00,1.625445999999999946e+00
-3.592690000000000050e-01,1.178749999999999937e-01
-5.156060000000000088e-01,4.687749999999999972e-01
2.997489999999999877e-01,-4.139269999999999894e-01
-1.376365999999999978e+00,1.295506999999999964e+00
1.407923999999999953e+00,-1.126398999999999928e+00
1.454320999999999975e+00,-1.274939000000000044e+00
-5.949619999999999909e-01,3.056039999999999868e-01
9.770399999999999918e-02,-2.862699999999999967e-02
-3.582409999999999761e-01,5.115610000000000435e-01
4.896150000000000224e-01,-7.153990000000000071e-01
1.217430000000000012e+00,-5.679899999999999949e-01
-1.212088999999999972e+00,1.247519000000000045e+00
3.061340000000000172e-01,-1.520839999999999970e-01
-4.197699999999999765e-01,1.121660000000000018e-01
-4.934549999999999770e-01,3.841249999999999942e-01
1.070718999999999976e+00,-4.170519999999999783e-01
-9.985060000000000047e-01,9.116119999999999779e-01
5.389800000000000146e-02,-4.642939999999999845e-01
-1.930401999999999951e+00,1.830924999999999914e+00
7.052680000000000060e-01,-4.579670000000000130e-01
3.286519999999999997e-01,-3.566659999999999831e-01
6.869439999999999991e-01,-6.083150000000000501e-01
-4.887859999999999983e-01,4.175229999999999775e-01
2.049968999999999930e+00,-1.781288999999999900e+00
9.868099999999999650e-01,-9.428769999999999651e-01
4.932460000000000178e-01,-6.226599999999999913e-01
1.584182999999999897e+00,-1.930471999999999966e+00
1.016521000000000008e+00,-7.783090000000000286e-01
1.718449999999999978e-01,-6.484959999999999614e-01
4.878190000000000026e-01,-1.883489999999999887e-01
-7.413349999999999662e-01,7.552489999999999482e-01
4.433150000000000146e-01,-4.153749999999999942e-01
6.586870000000000225e-01,-7.983339999999999881e-01
-7.780319999999999458e-01,9.966699999999999449e-01
3.615559999999999885e-01,-2.144000000000000072e-02
1.941660000000000053e-01,-2.056399999999999895e-01
-3.614470000000000183e-01,6.568279999999999674e-01
2.348962999999999912e+00,6.178199999999999664e-02
1.760677000000000048e+00,1.095237999999999934e+00
1.691410000000000080e+00,-1.222712000000000021e+00
2.220349999999999824e+00,1.554980000000000029e+00
2.256343000000000210e+00,1.633294999999999941e+00
2.244038000000000199e+00,6.740479999999999805e-01
1.760772999999999922e+00,3.401219999999999799e-01
2.027369000000000199e+00,1.175661000000000067e+00
1.911027000000000031e+00,1.323239999999999972e-01
2.119331999999999994e+00,-2.844679999999999986e-01
2.399256999999999973e+00,-1.290779999999999983e-01
2.247862000000000027e+00,-3.039490000000000247e-01
1.358749999999999902e+00,-2.167979999999999907e-01
1.883556999999999926e+00,2.059162999999999855e+00
1.835536999999999974e+00,-2.113960000000000006e-01
1.574030000000000040e+00,-6.030729999999999702e-01
1.460898999999999948e+00,1.162862000000000062e+00
1.932279999999999998e+00,-1.115396000000000054e+00
1.530191000000000079e+00,-9.548200000000000021e-01
1.774850999999999956e+00,-2.527039999999999842e-01
1.852958000000000105e+00,6.208069999999999977e-01
2.204924000000000106e+00,9.070620000000000349e-01
2.270757999999999832e+00,-1.445299999999999918e-01
2.022324999999999928e+00,1.442140999999999895e+00
1.474841999999999986e+00,1.763220000000000065e-01
2.201262999999999970e+00,4.586569999999999814e-01
1.698995999999999951e+00,8.152070000000000149e-01
1.814874000000000098e+00,-5.948369999999999491e-01
1.197475000000000067e+00,-1.550105999999999984e+00
2.218059999999999921e+00,-8.191420000000000368e-01
1.806805999999999912e+00,-2.021412999999999904e+00
2.017802999999999791e+00,-1.440179000000000098e+00
2.556010000000000115e+00,3.871850000000000014e-01
1.817083999999999921e+00,-1.448757000000000073e+00
1.792170000000000041e+00,9.455869999999999553e-01
1.480909999999999949e+00,4.572400000000000075e-02
2.137516000000000194e+00,4.048539999999999917e-01
2.572443999999999953e+00,4.622890000000000055e-01
2.312238999999999933e+00,-1.166794000000000109e+00
1.912374000000000018e+00,1.950512999999999941e+00
1.644147000000000025e+00,-1.556220000000000103e-01
1.879539999999999988e+00,-1.227565999999999935e+00
2.011697999999999986e+00,-3.133719999999999839e-01
1.332750000000000101e+00,3.322720000000000118e-01
2.324478000000000044e+00,3.310899999999999954e-01
1.526745000000000019e+00,1.008024999999999949e+00
2.077767000000000142e+00,-2.301070000000000060e-01
2.124222000000000055e+00,2.460670000000000079e-01
1.452015999999999973e+00,-1.088160999999999934e+00
1.607793000000000028e+00,-4.113399999999999834e-01
1.664350999999999914e+00,2.449939999999999896e-01
1.957656000000000063e+00,-1.830246999999999957e+00
2.291471000000000036e+00,2.387380000000000058e-01
2.138304999999999900e+00,-1.226789999999999964e-01
1.964647000000000032e+00,3.154140000000000277e-01
2.396739000000000175e+00,-3.065999999999999975e-02
2.120473000000000052e+00,8.844290000000000207e-01
2.582031999999999883e+00,-1.337671000000000054e+00
2.163361000000000089e+00,1.324678000000000022e+00
1.848573999999999939e+00,-1.312847000000000097e+00
2.059782999999999920e+00,3.813759999999999928e-01
1.269438000000000066e+00,1.411937999999999915e+00
1.561026999999999942e+00,1.864144999999999941e+00
1.695333999999999897e+00,-2.430110000000000048e-01
1.809202999999999895e+00,1.502086000000000032e+00
2.234388000000000041e+00,-8.194439999999999502e-01
2.000830999999999804e+00,1.999395000000000033e+00
1.475163999999999920e+00,2.953060000000000129e-01
1.602606999999999893e+00,1.407343000000000011e+00
2.323714999999999975e+00,2.134350000000000136e-01
2.149356000000000044e+00,-1.226730000000000098e+00
1.961418000000000106e+00,-1.077612999999999932e+00
2.337124999999999897e+00,-4.893199999999999772e-01
2.021218999999999877e+00,-1.327282999999999991e+00
1.031851999999999991e+00,3.020141999999999882e+00
1.813171000000000088e+00,1.004430000000000045e-01
1.839261999999999952e+00,-1.361177999999999999e+00
1.919294999999999973e+00,7.141999999999999738e-02
2.161401000000000128e+00,7.017560000000000464e-01
2.100537999999999794e+00,4.876770000000000271e-01
1.667413999999999952e+00,1.900948000000000082e+00
2.233408999999999978e+00,1.690908000000000078e+00
1.473487999999999909e+00,-5.840710000000000068e-01
1.784993999999999970e+00,-2.192759999999999987e-01
1.245457999999999954e+00,4.322520000000000251e-01
1.823072999999999944e+00,1.650673000000000057e+00
2.299838999999999967e+00,-1.523547999999999902e+00
1.987049000000000065e+00,-1.352016000000000107e+00
2.013615000000000155e+00,5.743040000000000367e-01
1.525898999999999894e+00,-4.381499999999999978e-02
1.656128999999999962e+00,-7.503750000000000142e-01
1.349293000000000076e+00,-8.287830000000000474e-01
1.600378000000000078e+00,-1.567010000000000070e-01
2.197792000000000190e+00,-1.894190000000000040e-01
2.018552000000000124e+00,2.213000000000000037e-02
1.681602000000000041e+00,7.065129999999999466e-01
1.897021999999999986e+00,-1.229894000000000043e+00
1.682566000000000006e+00,1.849814999999999987e+00
2.084048000000000123e+00,1.053425999999999974e+00
1.696690000000000031e+00,-3.886530000000000262e-01
2.166364999999999874e+00,-9.237729999999999553e-01
2.091492999999999824e+00,2.453772999999999982e+00
1.706228000000000078e+00,1.993857999999999908e+00
1.839121000000000006e+00,-1.669925000000000104e+00
2.293915999999999844e+00,1.422070000000000001e-01
1.716274000000000077e+00,7.632390000000000008e-01
2.195829999999999949e+00,-3.734120000000000217e-01
1.714390000000000081e+00,-8.744899999999999896e-01
2.128312999999999899e+00,1.173114999999999908e+00
2.057887000000000022e+00,-6.608929999999999527e-01
1.694927999999999990e+00,4.854620000000000046e-01
2.161421999999999954e+00,-1.768046000000000006e+00
1.847744000000000053e+00,5.064889999999999670e-01
2.595838999999999785e+00,2.558659999999999823e-01
1.435910000000000020e+00,1.141731000000000051e+00
1.997638999999999943e+00,1.093150000000000066e+00
2.063661000000000190e+00,3.554880000000000262e-01
1.369704999999999950e+00,-1.438946000000000058e+00
1.959875000000000034e+00,-4.216820000000000013e-01
2.037668000000000035e+00,1.836081999999999992e+00
1.584144999999999914e+00,-5.495259999999999589e-01
2.172445999999999877e+00,-3.877929999999999988e-01
1.716558999999999946e+00,5.744019999999999682e-01
1.892544000000000004e+00,1.346896000000000093e+00
1.852211999999999970e+00,-7.099539999999999740e-01
2.203638999999999903e+00,6.084690000000000376e-01
2.352078000000000113e+00,-8.607599999999999696e-01
1.826834000000000069e+00,1.983700000000000047e-02
2.120709000000000177e+00,-1.249780000000000058e-01
1.913896999999999959e+00,-3.647159999999999846e-01
1.822413999999999978e+00,1.081107999999999958e+00
2.756174999999999820e+00,1.408792999999999962e+00
1.894398000000000026e+00,-1.241657999999999928e+00
1.944982999999999906e+00,1.715641999999999889e+00
2.109455000000000080e+00,1.316184000000000021e+00
1.967230000000000034e+00,1.538559999999999928e-01
1.963880999999999988e+00,1.005808000000000035e+00
2.154923000000000144e+00,1.094905999999999935e+00
1.788243999999999945e+00,1.642333000000000043e+00
1.542505000000000015e+00,6.436500000000000554e-02
2.144737000000000116e+00,-8.198680000000000412e-01
2.520140000000000047e+00,1.413701000000000096e+00
2.232034000000000074e+00,-7.837039999999999562e-01
1.938255999999999979e+00,1.548529000000000044e+00
1.686773999999999996e+00,2.233605999999999980e+00
2.317682000000000020e+00,2.710299999999999931e-01
2.021384999999999987e+00,1.126379000000000019e+00
2.277365999999999779e+00,2.164012000000000047e+00
2.355067000000000021e+00,-1.416139999999999899e-01
2.707243000000000066e+00,-1.706600000000000131e-02
1.519209999999999949e+00,-9.150580000000000380e-01
1.841215999999999964e+00,4.275289999999999924e-01
1.753279000000000032e+00,2.318367999999999984e+00
1.931585000000000107e+00,-2.344110000000000082e-01
2.064433000000000185e+00,7.751369999999999649e-01
2.040207999999999799e+00,4.446120000000000072e-01
2.188140000000000196e+00,1.845150999999999986e+00
2.069274000000000058e+00,1.889428000000000107e+00
1.347919000000000089e+00,-1.040279999999999955e-01
2.361892000000000102e+00,1.854651999999999967e+00
1.543681999999999999e+00,-1.451149000000000022e+00
1.615720999999999963e+00,-6.743670000000000497e-01
2.088283999999999807e+00,8.647070000000000034e-01
2.252473999999999865e+00,5.823399999999999688e-01
1.951605000000000034e+00,4.164030000000000231e-01
2.080283000000000104e+00,1.001673000000000036e+00
2.158459000000000128e+00,1.831031999999999993e+00
1.867745999999999906e+00,-8.657299999999999718e-02
1.773412999999999906e+00,1.878608999999999973e+00
1.675670999999999911e+00,3.256099999999999967e-02
2.095957999999999988e+00,-1.009799999999999934e-02
1.986704999999999943e+00,3.490190000000000237e-01
1.714207999999999954e+00,-1.526925000000000088e+00
1.665605000000000002e+00,-1.158832000000000084e+00
1.786262000000000016e+00,1.076049999999999951e+00
2.812882999999999800e+00,2.062196999999999836e+00
2.647985999999999951e+00,-1.934204000000000034e+00
1.939219000000000026e+00,-1.415105000000000057e+00
2.518406999999999840e+00,2.701399999999999982e-02
1.922906999999999922e+00,-7.542720000000000535e-01
1.788149999999999906e+00,1.292925000000000102e+00
1.746512999999999982e+00,1.225646000000000013e+00
2.319085999999999981e+00,8.869839999999999947e-01
2.120810000000000084e+00,1.406131000000000020e+00
1.821031000000000066e+00,3.161919999999999731e-01
1.898368999999999973e+00,-1.042683999999999944e+00
1.286075000000000079e+00,1.194255000000000067e+00
2.028785000000000061e+00,1.798899999999999944e-01
2.068722000000000172e+00,-1.031352999999999964e+00
2.115899999999999892e+00,7.827460000000000528e-01
2.246055999999999830e+00,-8.036710000000000242e-01
1.477749999999999897e+00,-1.917049999999999865e-01
2.414943000000000062e+00,7.659240000000000492e-01
1.948857000000000061e+00,1.406676000000000037e+00
2.147329000000000043e+00,-1.740730000000000055e-01
1.825779999999999959e+00,4.453190000000000204e-01
2.859449000000000130e+00,-7.408930000000000238e-01
2.340789000000000009e+00,-3.471440000000000081e-01
1.681529000000000051e+00,-5.585170000000000412e-01
2.241541999999999923e+00,1.185683000000000042e+00
1.839466000000000045e+00,1.248177000000000092e+00
2.154453999999999869e+00,9.340610000000000301e-01
1.960078999999999905e+00,-9.705479999999999663e-01
2.378896000000000122e+00,-1.258278000000000008e+00
1.976982000000000017e+00,-1.421830000000000038e-01
1.762723999999999958e+00,1.238707000000000003e+00
1.739292000000000060e+00,-6.832610000000000072e-01
1.432596999999999898e+00,2.350549999999999862e-01
1.469619000000000009e+00,5.523329999999999629e-01
1.861499000000000015e+00,1.551021999999999901e+00
2.040875000000000217e+00,-8.886730000000000462e-01
2.016302000000000039e+00,-5.665419999999999900e-01
2.068245999999999807e+00,-3.213369999999999838e-01
2.067155000000000076e+00,9.776160000000000405e-01
1.567809000000000008e+00,1.213192000000000048e+00
1.746235999999999899e+00,-3.541850000000000276e-01
1.507808000000000037e+00,-1.711033999999999944e+00
1.981819999999999915e+00,1.208359999999999990e-01
1.828225999999999907e+00,-1.998575999999999908e+00
1.695518000000000081e+00,-5.036319999999999686e-01
2.186856000000000133e+00,-1.776790000000000092e+00
1.835512000000000032e+00,1.717819999999999903e-01
1.973943000000000003e+00,-4.490790000000000060e-01
1.685016999999999987e+00,8.090220000000000189e-01
1.761749999999999927e+00,-2.666255000000000042e+00
1.895526999999999962e+00,1.004563000000000095e+00
2.007420000000000204e+00,-1.231768999999999892e+00
1.906336000000000030e+00,-1.451484999999999914e+00
1.312008999999999981e+00,7.358949999999999658e-01
1.324413999999999980e+00,1.688801999999999914e+00
1.723286000000000096e+00,-7.182479999999999976e-01
1.901259000000000032e+00,5.092659999999999965e-01
2.572036000000000211e+00,-1.060308999999999946e+00
1.140878999999999976e+00,6.188979999999999482e-01
1.998774999999999968e+00,6.172250000000000236e-01
2.031239999999999934e+00,1.468999999999999993e-02
2.474927999999999795e+00,-2.014330000000000009e-01
2.133173000000000208e+00,5.487729999999999553e-01
1.695610000000000062e+00,-7.238099999999999534e-01
2.373677999999999955e+00,-1.184798999999999936e+00
2.003913999999999973e+00,-2.551740000000000119e+00
1.558240999999999987e+00,-1.308581999999999912e+00
1.691794999999999938e+00,3.876000000000000105e-03
1.932506000000000057e+00,-1.344740000000000102e-01
1.819047999999999998e+00,5.408330000000000082e-01
2.173411000000000204e+00,1.233727000000000018e+00
1.737584999999999935e+00,-8.699729999999999963e-01
2.490508999999999862e+00,8.882489999999999553e-01
2.256454999999999878e+00,-1.986261000000000054e+00
2.070721999999999952e+00,-2.490090000000000081e-01
2.415147999999999850e+00,8.997119999999999562e-01
1.645993999999999957e+00,5.285100000000000214e-02
1.820678999999999936e+00,7.490250000000000519e-01
1.865633000000000097e+00,3.350339999999999985e-01
1.246375999999999928e+00,2.149020000000000097e-01
2.020853999999999928e+00,1.225413000000000086e+00
2.157796999999999965e+00,-9.972870000000000346e-01
2.132130000000000081e+00,1.438069999999999904e-01
1.417572000000000054e+00,6.504710000000000214e-01
1.990993999999999930e+00,3.174219999999999819e-01
1.817882999999999916e+00,-6.580840000000000023e-01
2.079327999999999843e+00,3.820100000000000162e-01
1.536723000000000061e+00,-1.376794999999999991e+00
1.954493999999999954e+00,2.481929999999999970e-01
1.792224000000000039e+00,2.262982000000000049e+00
1.594824999999999937e+00,-4.543039999999999856e-01
2.182986000000000093e+00,-2.300949999999999940e-01
1.968623999999999929e+00,-1.148261999999999894e+00
1.627890000000000059e+00,7.642099999999999449e-01
1.711993000000000098e+00,-2.296416999999999931e+00
2.750663999999999998e+00,-1.450417999999999985e+00
2.006968999999999781e+00,1.039509000000000016e+00
2.493208000000000091e+00,-8.983139999999999459e-01
2.255128000000000021e+00,1.279439999999999911e+00
1.748399999999999954e+00,-1.233144999999999936e+00
2.315014000000000127e+00,1.187721999999999944e+00
2.144041000000000086e+00,1.384284999999999988e+00
2.269833999999999907e+00,-2.776370000000000227e-01
2.402169999999999916e+00,4.626620000000000177e-01
2.607464999999999922e+00,4.750610000000000110e-01
1.996417000000000108e+00,-1.373159999999999936e-01
1.733991000000000060e+00,8.797390000000000487e-01
2.002794999999999881e+00,-9.674599999999999866e-02
1.953478999999999965e+00,9.257579999999999698e-01
2.141500000000000181e+00,-5.629809999999999537e-01
2.333276999999999823e+00,-7.342130000000000045e-01
1.991354999999999986e+00,1.480758000000000019e+00
1.572438999999999920e+00,1.333442999999999934e+00
1.976817999999999964e+00,-9.234759999999999636e-01
1.632463999999999915e+00,1.704545999999999895e+00
2.059414999999999996e+00,-1.176217000000000068e+00
1.920801999999999898e+00,5.227289999999999992e-01
1.755708000000000046e+00,1.907836000000000087e+00
1.872594000000000092e+00,1.015557000000000043e+00
1.821344000000000074e+00,2.158120000000000038e-01
2.238843999999999834e+00,-1.109081999999999901e+00
2.101647999999999961e+00,-1.038246999999999920e+00
1.748299000000000047e+00,-6.447450000000000125e-01
1.244950999999999919e+00,-8.885420000000000540e-01
1.942854999999999999e+00,2.133730000000000071e-01
1.845753999999999895e+00,-9.226229999999999709e-01
2.481586000000000070e+00,4.789260000000000184e-01
2.426689999999999792e+00,1.843263000000000096e+00
1.765835000000000043e+00,1.129051999999999945e+00
2.196652999999999967e+00,-7.508139999999999814e-01
1.525816999999999979e+00,-6.618319999999999759e-01
2.515470999999999790e+00,-6.720469999999999500e-01
2.435964999999999936e+00,-1.475779999999999870e-01
1.876570999999999989e+00,-4.858899999999999886e-01
1.894730999999999943e+00,2.069707000000000185e+00
1.958350999999999953e+00,6.102610000000000534e-01
1.481254999999999988e+00,4.842580000000000218e-01
1.665545999999999971e+00,-1.106848999999999972e+00
2.323967999999999812e+00,3.868860000000000077e-01
1.951542000000000110e+00,-2.148029999999999939e-01
2.368291999999999842e+00,1.021827999999999959e+00
2.112446999999999964e+00,3.701869999999999883e-01
2.082521999999999984e+00,1.656592000000000064e+00
1.963783999999999974e+00,1.682215999999999934e+00
2.319132000000000193e+00,-6.639180000000000081e-01
1.188409000000000049e+00,-2.193099000000000132e+00
1.799685999999999897e+00,-1.633002000000000065e+00
2.091790000000000038e+00,1.257713999999999999e+00
1.745497999999999994e+00,-1.743190000000000017e-01
1.747009000000000034e+00,-1.304359999999999964e-01
2.546336999999999851e+00,-2.190209999999999935e-01
1.878330000000000055e+00,5.218500000000000222e-02
2.149446000000000190e+00,-2.648686000000000096e+00
1.865124000000000004e+00,-7.133340000000000236e-01
1.476685999999999943e+00,2.903979999999999895e-01
1.353811000000000098e+00,1.115969999999999906e+00
2.058570000000000011e+00,1.507843000000000044e+00
2.245683000000000096e+00,1.463513000000000064e+00
2.131594000000000211e+00,1.546672000000000047e+00
2.087432000000000176e+00,-1.290980999999999934e+00
2.233325999999999922e+00,-7.641000000000000014e-01
2.280664999999999942e+00,-9.269579999999999487e-01
2.207688999999999790e+00,6.263090000000000046e-01
2.401924999999999866e+00,5.045140000000000180e-01
1.493886999999999965e+00,1.237880000000000091e+00
1.979989999999999917e+00,-1.416922999999999933e+00
2.373860000000000081e+00,-5.139489999999999892e-01
2.026253000000000082e+00,2.412491000000000163e+00
1.633094000000000046e+00,-1.595847999999999933e+00
2.236814999999999998e+00,2.827862999999999793e+00
1.716102000000000016e+00,-1.253157000000000076e+00
1.674013999999999891e+00,3.050069999999999726e-01
1.976226999999999956e+00,8.288790000000000324e-01
2.122203999999999979e+00,-1.436974999999999891e+00
1.846537000000000095e+00,-1.470974000000000004e+00
2.427964999999999929e+00,-1.400781000000000054e+00
2.429235999999999951e+00,2.839550000000000129e-01
2.094510999999999790e+00,6.865200000000000191e-01
2.077989000000000086e+00,-4.813000000000000056e-01
1.791263999999999967e+00,-1.405775999999999915e+00
2.033961999999999826e+00,-3.833179999999999921e-01
1.896493999999999902e+00,5.765800000000000092e-02
1.826756000000000046e+00,2.304031000000000162e+00
1.497333999999999943e+00,-8.115900000000000336e-01
1.968164999999999942e+00,-6.304999999999999494e-01
1.882516999999999996e+00,3.593620000000000148e-01
2.082014000000000031e+00,-9.752809999999999535e-01
2.084671000000000163e+00,9.481870000000000021e-01
2.290954999999999853e+00,1.636436000000000002e+00
2.110526999999999820e+00,4.282429999999999848e-01
1.562424000000000035e+00,9.216180000000000483e-01
2.304221000000000075e+00,-1.117199999999999971e+00
1.409291000000000071e+00,-7.156209999999999516e-01
2.459363000000000188e+00,7.655570000000000430e-01
2.018117000000000161e+00,8.242760000000000087e-01
2.017215999999999898e+00,2.918109999999999871e-01
1.810875000000000012e+00,3.432109999999999883e-01
1.915343000000000018e+00,-4.777040000000000175e-01
1.511795000000000000e+00,-2.901679999999999815e-01
2.020068999999999892e+00,-1.104972000000000065e+00
2.207826999999999984e+00,-2.656410000000000160e-01
1.962882000000000016e+00,-1.381709000000000076e+00
2.231618000000000102e+00,-2.258453999999999962e+00
1.861167000000000016e+00,1.288019000000000025e+00
2.211148999999999809e+00,-1.105725999999999987e+00
2.233337000000000128e+00,-2.649445000000000050e+00
2.169436999999999838e+00,-2.353310000000000124e-01
2.424281000000000130e+00,4.897429999999999839e-01
2.136769000000000140e+00,7.549620000000000219e-01
1.876932999999999963e+00,1.190039999999999987e-01
1.790378000000000025e+00,-1.066175000000000095e+00
2.086736000000000146e+00,-7.043430000000000524e-01
2.086841000000000168e+00,-5.781849999999999490e-01
1.973340000000000094e+00,-7.133789999999999853e-01
2.032335999999999920e+00,-1.686030000000000029e-01
1.668131999999999948e+00,6.107339999999999991e-01
1.700506000000000073e+00,8.589999999999999546e-04
1.553751000000000104e+00,-3.701700000000000129e-02
1.443268999999999913e+00,-1.187521999999999966e+00
2.284288000000000096e+00,-1.562999999999999936e-03
2.450022999999999840e+00,-1.043493999999999922e+00
1.165378000000000025e+00,2.588380000000000125e-01
1.940652000000000044e+00,-9.483289999999999775e-01
2.338569000000000120e+00,1.195149999999999962e-01
2.075346000000000135e+00,-5.572699999999999876e-02
1.280648000000000009e+00,-1.023196999999999912e+00
2.264464999999999950e+00,8.226940000000000364e-01
1.577472999999999903e+00,-1.032291999999999987e+00
2.355299000000000031e+00,-9.674709999999999699e-01
2.279440999999999828e+00,-2.452800000000000119e-02
2.407988000000000017e+00,6.922150000000000247e-01
1.790628000000000108e+00,-1.770972999999999908e+00
1.418344000000000049e+00,4.564329999999999776e-01
2.191680999999999990e+00,3.706090000000000217e-01
2.036061999999999816e+00,-3.642980000000000107e-01
1.855730000000000102e+00,3.428769999999999873e-01
1.604106999999999950e+00,1.898835000000000051e+00
2.232266999999999779e+00,-1.341026000000000051e+00
1.795142000000000015e+00,-1.010815000000000019e+00
2.251508999999999983e+00,-4.245899999999999674e-02
2.349028999999999812e+00,-7.230180000000000495e-01
2.451248999999999789e+00,-2.198499999999999899e-01
2.231495999999999924e+00,7.093639999999999946e-01
1.692644000000000037e+00,-1.038829999999999920e+00
1.698820999999999914e+00,1.403323000000000098e+00
2.165534000000000070e+00,-1.004191000000000056e+00
1.779922000000000004e+00,2.126780000000000059e-01
2.093923000000000201e+00,-1.216657000000000100e+00
1.950944000000000011e+00,-1.575040000000000051e-01
1.720007999999999981e+00,-9.931229999999999780e-01
2.280816000000000177e+00,-2.581974000000000213e+00
2.419124000000000052e+00,4.488039999999999807e-01
1.975686999999999971e+00,-5.919429999999999970e-01
2.263063999999999965e+00,1.631131000000000109e+00
1.632706999999999908e+00,-8.059299999999999797e-02
1.781247000000000025e+00,5.431500000000000217e-02
2.320956999999999937e+00,-1.437324000000000046e+00
1.464661999999999908e+00,-1.010998999999999981e+00
1.765398999999999941e+00,1.917499999999999982e+00
2.102895999999999876e+00,1.074966000000000088e+00
2.407111000000000001e+00,-2.217709999999999959e-01
1.990059999999999940e+00,-2.071136999999999784e+00
1.592775999999999970e+00,-4.533399999999999930e-02
1.286370000000000013e+00,1.738030000000000130e-01
1.704566999999999943e+00,-1.708520000000000039e-01
2.243806000000000189e+00,1.433519999999999905e+00
2.142001000000000044e+00,3.941100000000000159e-02
2.415027999999999953e+00,3.481520000000000170e-01
1.546472000000000069e+00,8.644800000000000262e-01
2.328313000000000077e+00,1.311563999999999952e+00
1.521703000000000028e+00,3.467609999999999859e-01
1.739986999999999950e+00,4.694380000000000219e-01
1.966112000000000082e+00,2.610187999999999953e+00
1.908522000000000052e+00,-7.118370000000000530e-01
2.602222999999999953e+00,5.010769999999999946e-01
2.265944000000000180e+00,9.840250000000000385e-01
1.976320999999999994e+00,6.435469999999999802e-01
1.781268000000000074e+00,1.336040000000000005e-01
1.523657000000000039e+00,-7.054240000000000510e-01
1.643383000000000038e+00,-1.231629999999999947e-01
1.849418000000000006e+00,1.167926999999999937e+00
2.281699999999999839e+00,-7.209630000000000205e-01
1.939766000000000101e+00,8.505899999999999572e-02
1.931214999999999904e+00,-1.591817000000000037e+00
1.085916000000000103e+00,-2.680669999999999997e-01
1.587644000000000055e+00,-9.425289999999999502e-01
2.106380999999999837e+00,4.087629999999999875e-01
1.391426000000000052e+00,-6.495060000000000278e-01
1.886389000000000093e+00,-7.155500000000000194e-01
1.836951000000000001e+00,-6.741700000000000470e-02
2.094789000000000012e+00,-4.136619999999999742e-01
1.564754999999999896e+00,-3.855999999999999706e-02
2.445225000000000204e+00,6.761540000000000328e-01
2.459896999999999778e+00,3.416020000000000167e-01
1.811857000000000051e+00,-8.314179999999999904e-01
2.030896999999999952e+00,2.055780000000000107e-01
1.886714000000000002e+00,5.483799999999999786e-01
2.154830000000000023e+00,-8.014879999999999782e-01
2.384984999999999911e+00,1.884929999999999994e+00
1.616703999999999919e+00,3.075539999999999941e-01
2.096807999999999783e+00,4.443340000000000067e-01
1.867256999999999945e+00,-9.179059999999999997e-01
1.843955999999999928e+00,-2.711180000000000256e-01
2.338591000000000086e+00,1.921955999999999998e+00
1.684244999999999992e+00,-1.183929999999999982e-01
2.017043999999999837e+00,-1.322948999999999931e+00
1.389553000000000038e+00,-9.468999999999999986e-03
2.223024999999999807e+00,6.790629999999999722e-01
2.103928999999999938e+00,-1.423429999999999973e-01
2.217230999999999952e+00,1.418159999999999976e-01
1.845431999999999961e+00,-1.499560000000000060e-01
2.648257000000000083e+00,5.322069999999999856e-01
2.312056999999999807e+00,-1.731500000000000053e-02
2.155978000000000172e+00,-4.934379999999999877e-01
2.500963000000000047e+00,-1.362686000000000064e+00
2.321451999999999849e+00,6.001130000000000075e-01
2.054342000000000112e+00,-1.554021000000000097e+00
2.154262000000000121e+00,8.809580000000000188e-01
1.765568999999999944e+00,1.632689999999999975e-01
2.140188000000000201e+00,1.849200000000000149e-02
2.208295000000000119e+00,-5.527050000000000018e-01
1.753964999999999996e+00,8.247870000000000479e-01
2.114333999999999936e+00,1.031347000000000014e+00
2.061401000000000039e+00,-6.783799999999999553e-02
1.885699999999999932e+00,1.003853000000000106e+00
